id,url,address,area,price,bedrooms,bathrooms,garage,flatlet,garden,agent_name,agent_phone,agent_email,listing_status,status,notes,date_added,score,last_checked,score_reason
1,https://www.privateproperty.co.za/for-sale/western-cape/cape-town/southern-suburbs/pinelands/T5492956,unknown,Pinelands,4250000,5,5,yes,yes,yes,Rawson Property Group,,,sold,unseen,5-bed + granny flat. 759m². Independent flatlet with own access. Fireplace. Inverter. 8 parking. Leafy pocket. Listed 20 May 2026.,2026-06-18,6,,"in ideal price band, garden, flatlet, garage, listing sold"
2,https://www.property24.com/for-sale/rondebosch/cape-town/western-cape/8682/115497230,6 Grove Road,Rondebosch,4200000,3,unknown,unknown,unknown,yes,unknown,,,new,unseen,Edwardian period cottage. Very pretty garden. Well maintained. | [2026-09-20] Status check failed: HTTP 503,2026-06-18,7,2026-09-20,"in ideal price band, garden"
3,https://www.property24.com/for-sale/wynberg-upper/cape-town/western-cape/10102/116765856,unknown,Wynberg Upper,4900000,3,unknown,unknown,unknown,yes,Rawson Properties Constantia,,,new,unseen,Double plot with established garden. Real grass and trees. ⚠️ Previously marked sold but still showing as active on P24 as of 2026-06-26 — verify. | [2026-09-20] Status check failed: HTTP 503,2026-06-18,7,2026-09-20,"in ideal price band, garden"
4,https://www.property24.com/for-sale/pinelands/cape-town/western-cape/8017/116495854,5 Stratford Way,Pinelands,4495000,3,unknown,unknown,unknown,yes,unknown,,,new,unseen,Charming family home on generous corner plot. Patio doors to pool. Garden. | [2026-09-20] Status check failed: HTTP 503,2026-06-18,7,2026-09-20,"in ideal price band, garden"
5,https://www.property24.com/for-sale/rosebank/cape-town/western-cape/8683/116999638,unknown,Rosebank,5525000,3,2,yes,yes,yes,Natalie Parkes - Quay 1 International Realty,,,under_offer,unseen,Flatlet with private entrance. Garden + pool. GR4 zoning (dev potential). 678m². Walk to Rondebosch Common. Near top schools. Listed Mar 2026. | [2026-09-20] Status check failed: HTTP 503,2026-06-18,6,2026-09-20,"above ideal price, garden, flatlet, garage, under offer"
6,https://www.privateproperty.co.za/for-sale/western-cape/cape-town/southern-suburbs/pinelands/T5458064,unknown,Pinelands,4650000,3,2,yes,unknown,yes,Harcourts,,,removed,unseen,Highly sought-after Glens area. 833m². Exclusive mandate.,2026-06-18,5,2026-09-20,"in ideal price band, garden, garage, listing removed"
7,https://www.privateproperty.co.za/for-sale/western-cape/cape-town/southern-suburbs/pinelands/T5449023,unknown,Pinelands,4950000,3,2,yes,unknown,yes,Harcourts,,,removed,unseen,Heart of Pinelands. Walking distance to Pinelands North Primary. 773m². Exclusive mandate.,2026-06-18,5,2026-09-20,"in ideal price band, garden, garage, listing removed"
8,https://www.privateproperty.co.za/for-sale/western-cape/cape-town/southern-suburbs/pinelands/T5510604,unknown,Pinelands,4395000,4,1,yes,unknown,yes,eXp South Africa,,,removed,unseen,Sole and exclusive mandate. 818m². Rare opportunity in Pinelands.,2026-06-18,5,2026-09-20,"in ideal price band, garden, garage, listing removed"
9,https://www.privateproperty.co.za/for-sale/western-cape/cape-town/southern-suburbs/pinelands/T5513057,unknown,Pinelands,5400000,4,3,no,no,yes,unknown,,,sold,unseen,4 bed 3 bath. 892m². Pool + established garden. Large storage area (cottage conversion potential). 4 open parking. Aircon. Listed 8 Jun 2026.,2026-06-18,2,,"above ideal price, garden, listing sold"
10,https://www.privateproperty.co.za/for-sale/western-cape/cape-town/southern-suburbs/pinelands/T5470355,unknown,Pinelands,5250000,4,2,yes,yes,yes,unknown,,,removed,unseen,4 bed 2 bath. 818m². Garage + carport + 5 covered parking. Garden/patio. Guest suite en-suite. Flatlet. Study. Listed 28 Apr 2026.,2026-06-18,4,2026-09-20,"above ideal price, garden, flatlet, garage, listing removed"
11,https://www.privateproperty.co.za/for-sale/western-cape/cape-town/southern-suburbs/rondebosch/3-st-pauls-crescent/T5397469,3 St Pauls Crescent,Rondebosch,4200000,3,2,yes,unknown,unknown,Chas Everitt,,,removed,unseen,3 bed. 137m² erf (townhouse). North-facing. Sole mandate. Rondebosch Village location. Small plot.,2026-06-18,4,2026-09-20,"in ideal price band, garage, listing removed"
12,https://www.privateproperty.co.za/for-sale/western-cape/cape-town/southern-suburbs/rondebosch/rondebosch-east/18-7th-avenue/T5420302,18 7th Avenue,Rondebosch East,4695000,4,4,unknown,unknown,yes,RE/MAX,,,removed,unseen,4 bed 4 bath. 586m². Pool. Access from 2 avenues. Modern.,2026-06-18,4,2026-09-20,"in ideal price band, garden, listing removed"
13,https://www.privateproperty.co.za/for-sale/western-cape/cape-town/southern-suburbs/rondebosch/42-stuart-road/T5422309,42 Stuart Road,Rondebosch,4800000,4,2,unknown,unknown,unknown,Seeff,,,active,unseen,4 bed 2 bath. 535m². Sole mandate. Prime position. Upgrade opportunity.,2026-06-18,6,2026-09-20,in ideal price band
14,https://www.privateproperty.co.za/for-sale/western-cape/cape-town/southern-suburbs/rondebosch/16-belvedere-road/T5443987,16 Belvedere Road,Rondebosch,5500000,4,2,unknown,unknown,unknown,Seeff,,,removed,unseen,4 bed 2 bath. 547m². Walk to Belvedere Square + Keurboom Park + top schools.,2026-06-18,1,2026-09-20,"above ideal price, listing removed"
15,https://www.privateproperty.co.za/for-sale/western-cape/cape-town/southern-suburbs/rondebosch/21-saxon-road/T5374666,21 Saxon Road,Rondebosch,4500000,3,2,yes,unknown,unknown,Seeff,,,sold,unseen,3 bed 2 bath. 432m². Sold - for reference/price benchmarking.,2026-06-18,4,,"in ideal price band, garage, listing sold"
16,https://www.privateproperty.co.za/for-sale/western-cape/cape-town/southern-suburbs/rondebosch/rondebosch-east/T5410046,unknown,Rondebosch East,4695000,4,4,unknown,unknown,unknown,Real Realty,,,sold,unseen,4 bed 4 bath. 586m². May be same property as T5420302 (dual-listed - check). Modern + classy.,2026-06-18,3,,"in ideal price band, listing sold"
17,https://www.privateproperty.co.za/for-sale/western-cape/cape-town/southern-suburbs/rondebosch/rondebosch-east/T5484622,unknown,Rondebosch East,4900000,4,3,unknown,unknown,unknown,RE/MAX,,,sold,unseen,4 bed 3 bath. 670m². Versatile opportunity on Kromboom Road. On show 21 Jun 2026.,2026-06-18,3,,"in ideal price band, listing sold"
18,https://www.privateproperty.co.za/for-sale/western-cape/cape-town/southern-suburbs/rondebosch/T5477385,unknown,Rondebosch,5250000,3,2,yes,unknown,yes,Lew Geffen Sotheby's International Realty,,,sold,unseen,3 bed 2 bath. 241m² erf. Freehold in secure complex with communal pool. Sole mandate.,2026-06-18,3,,"above ideal price, garden, garage, listing sold"
19,https://www.privateproperty.co.za/for-sale/western-cape/cape-town/southern-suburbs/plumstead/9-plympton/T5432945,9 Plympton,Plumstead,4200000,3,1,unknown,unknown,yes,Harcourts,,,removed,unseen,3 bed. 697m² erf. Well maintained family home. Large plot good value.,2026-06-18,4,2026-09-20,"in ideal price band, garden, listing removed"
20,https://www.privateproperty.co.za/for-sale/western-cape/cape-town/southern-suburbs/plumstead/T5415625,unknown,Plumstead,4995000,5,4,unknown,unknown,unknown,RE/MAX,,,active,unseen,5 bed 4 bath. 631m². Double storey. Viewings by appointment.,2026-06-18,6,2026-09-20,in ideal price band
21,https://www.privateproperty.co.za/for-sale/western-cape/cape-town/southern-suburbs/plumstead/T5410158,unknown,Plumstead,5200000,3,3,yes,unknown,yes,Real Realty,,,sold,unseen,3 bed 3 bath. 255m² erf. Double storey. Lush private garden + pool.,2026-06-18,5,,"in ideal price band, garden, garage, listing sold"
22,https://www.privateproperty.co.za/for-sale/western-cape/cape-town/southern-suburbs/claremont/7-hellenburgh-road/T5283161,7 Hellenburgh Road,Claremont,5495000,3,4,unknown,unknown,yes,Pam Golding Properties,,,removed,unseen,3 bed 4 bath. 508m². Heritage home. Beautifully preserved. Exclusive mandate.,2026-06-18,2,2026-09-20,"above ideal price, garden, listing removed"
23,https://www.privateproperty.co.za/for-sale/western-cape/cape-town/southern-suburbs/claremont/24-livingstone-road/T5435932,24 Livingstone Road,Claremont,5295000,3,3,yes,unknown,yes,Lew Geffen Sotheby's International Realty,,,removed,unseen,3 bed 3 bath. 403m². Charming family home bordering Lynfrae. Character wooden floors.,2026-06-18,3,2026-09-20,"above ideal price, garden, garage, listing removed"
24,https://www.privateproperty.co.za/for-sale/western-cape/cape-town/southern-suburbs/claremont/T5356411,unknown,Claremont,5195000,3,2,yes,yes,unknown,Tyson Properties,,,active,unseen,3 bed. 787m² erf. Option to incorporate flatlet (4 bed + 2 bath + separate entrance). Work-from-home potential.,2026-06-18,8,2026-09-20,"in ideal price band, flatlet, garage"
25,https://www.privateproperty.co.za/for-sale/western-cape/cape-town/southern-suburbs/wynberg/wynberg-upper/4-eleve/6-mountain-view-road/T5295684,4 Eleve - 6 Mountain View Road,Wynberg Upper,4995000,3,4,yes,unknown,yes,Pam Golding Properties,,,active,unseen,3 bed 3.5 bath. 983m² erf. Boutique townhouse in private gated estate. Slopes of Upper Wynberg bordering Constantia.,2026-06-18,8,2026-09-20,"in ideal price band, garden, garage"
26,https://www.privateproperty.co.za/for-sale/western-cape/cape-town/southern-suburbs/lakeside/T5455662,unknown,Lakeside,4395000,3,2,yes,unknown,unknown,RM Realtors,,,removed,unseen,3 bed 2 bath. 245m². Recently renovated. Exceptional mountain views.,2026-06-18,4,2026-09-20,"in ideal price band, garage, listing removed"
27,https://www.privateproperty.co.za/for-sale/western-cape/cape-town/southern-suburbs/lakeside/6-rooikrans-road/T5482599,6 Rooikrans Road,Lakeside,4750000,3,2,yes,unknown,yes,Seeff,,,active,unseen,3 bed 2 bath. 495m². North facing. Lovely garden and patio.,2026-06-18,8,2026-09-20,"in ideal price band, garden, garage"
28,https://www.privateproperty.co.za/for-sale/western-cape/cape-town/southern-suburbs/lakeside/0-lakeside/22-lincoln-road/T5410086,22 Lincoln Road,Lakeside,4999000,4,4,yes,unknown,yes,Real Realty,,,sold,unseen,4 bed 4 bath. 372m². Near Muizenberg + False Bay coastline. Versatile property.,2026-06-18,5,,"in ideal price band, garden, garage, listing sold"
29,https://www.privateproperty.co.za/for-sale/western-cape/cape-town/southern-suburbs/lakeside/0-lakeside/53-springwood-circle/T5413528,53 Springwood Circle,Lakeside,5250000,3,2,yes,unknown,unknown,Real Realty,,,removed,unseen,3 bed 2 bath. 390m². Klein Wassenaar pocket. Immaculate and stylish.,2026-06-18,2,2026-09-20,"above ideal price, garage, listing removed"
30,https://www.privateproperty.co.za/for-sale/western-cape/cape-town/southern-suburbs/kenilworth/kenilworth-upper/T4055741,unknown,Kenilworth Upper,5500000,3,3,unknown,unknown,unknown,Lew Geffen Sotheby's International Realty,,,removed,unseen,3 bed. 466m². Sole mandate. Delightful single storey home in Upper Kenilworth.,2026-06-18,1,2026-09-20,"above ideal price, listing removed"
31,https://southernsuburbs.seeff.com/results/residential/for-sale/cape-town/claremont/house/3142310/6-columbus-road/,6 Columbus Road,Claremont,5300000,3,2,unknown,unknown,unknown,Seeff,,,sold,unseen,3 bed 2 bath. 162m² house. 4 parking. Sole mandate. Via Seeff Southern Suburbs.,2026-06-18,1,2026-09-20,"above ideal price, listing sold"
32,https://southernsuburbs.seeff.com/results/residential/for-sale/cape-town/claremont/house/3165526/90-queen-victoria-road/,90 Queen Victoria Road,Claremont,5200000,3,2,unknown,unknown,unknown,Seeff,,,sold,unseen,3 bed 2 bath. 146m² house. 4 parking. Sole mandate. Via Seeff Southern Suburbs. Transfer scheduled Oct 2026.,2026-06-18,3,,"in ideal price band, listing sold"
33,https://www.chaseveritt.co.za/results/residential/for-sale/cape-town/pinelands/house/3027678/,unknown,Pinelands,5500000,4,3,unknown,unknown,unknown,Chas Everitt,,,active,unseen,4 bed 3 bath. 186m². 2 parking. Sole mandate. Top of budget. Via Chas Everitt.,2026-06-18,4,2026-09-20,above ideal price
34,https://www.property24.com/for-sale/pinelands/cape-town/western-cape/8017/116739882,unknown,Pinelands,5000000,3,1,yes,no,yes,Werner Property Agents,,,new,unseen,3 bed 1 bath. North-facing garden with grass + trees + mountain views. Garage + extra private parking. Pool. Built-in braai. Gas stove kitchen. Low maintenance. Listed Jun 2026. | [2026-09-20] Status check failed: HTTP 503,2026-06-19,8,2026-09-20,"in ideal price band, garden, garage"
35,https://www.property24.com/for-sale/pinelands/cape-town/western-cape/8017/115433135,29 Parkchester Avenue,Pinelands,4500000,4,2,yes,no,yes,unknown,,,under_offer,unseen,4 bed 2 bath. 692m² erf. 240m² floor. Double garage with direct access + extra parking. North-facing patio and garden. Solar geyser. Water tanks. Well-established area. Listed Jan 2025. | [2026-09-20] Status check failed: HTTP 503,2026-06-19,7,2026-09-20,"in ideal price band, garden, garage, under offer"
36,https://www.property24.com/for-sale/rondebosch/cape-town/western-cape/8682/115582263,15 Malcom Road,Rondebosch,4500000,3,1,yes,no,unknown,Link Property People,,,under_offer,unseen,3 bed. 560m² erf. 93-year-old fixer-upper. Single garage (convertible to double). Near top schools + Keurboom Park + WP Cricket Club. Exclusive mandate. | [2026-09-20] Status check failed: HTTP 503,2026-06-19,6,2026-09-20,"in ideal price band, garage, under offer"
37,https://www.property24.com/for-sale/pinelands/cape-town/western-cape/8017/116921019,18 Kingfisher Walk,Pinelands,4100000,3,1,yes,no,yes,Realtors International Welgelegen,,,under_offer,unseen,3 bed 1 bath. 781m² erf. Garage + adjacent workshop/studio (separate toilet – cottage conversion potential). Double carport. Pool. Vine-covered pergola. Parquet floors. Listed Jun 2026. UNDER OFFER confirmed 2026-06-22. | [2026-09-20] Status check failed: HTTP 503,2026-06-21,7,2026-09-20,"in ideal price band, garden, garage, under offer"
38,https://www.property24.com/for-sale/kenilworth-upper/cape-town/western-cape/14224/115131015,12A Cumnor Avenue,Kenilworth Upper,4250000,3,2,yes,no,yes,Link Property People,,,sold,unseen,3 bed 2 bath. Double garage direct access. Front and back gardens. Mountain views. JoJo tank. Secure road with monitored cameras. Walk to shops.,2026-06-21,5,,"in ideal price band, garden, garage, listing sold"
39,https://www.property24.com/for-sale/pinelands/cape-town/western-cape/8017/116810036,29 North Way,Pinelands,5395000,3,2,yes,yes,yes,Pam Golding Properties - Southern Suburbs,,,under_offer,unseen,3 bed 2 bath. 903m² erf. Separate self-contained second dwelling (flatlet/cottage with own entrance). Neat front garden. Garage. Open-plan living with exposed beams. Well-maintained. Pam Golding exclusive. Listed Jan 2026. | [2026-09-20] Status check failed: HTTP 503,2026-06-22,6,2026-09-20,"above ideal price, garden, flatlet, garage, under offer"
40,https://www.property24.com/for-sale/pinelands/cape-town/western-cape/8017/116031435,21 Welgemeend Road,Pinelands,3999000,3,unknown,yes,yes,yes,Jawitz Pinelands,,,sold,unseen,3 bed. 700m² erf. Flatlet (self-contained – own entrance + kitchen + en-suite bathroom + gas stove + gas geyser; rented R7k/month). Garage + 2 parking. Garden (shade net covered) + pool. Gas fireplace. Parquet floors. R1k under budget minimum but essentially R4M. Listed May 2025.,2026-06-23,6,,"in ideal price band, garden, flatlet, garage, listing sold"
41,https://www.property24.com/for-sale/tokai/cape-town/western-cape/9044/115579144,18 Forest Hills Avenue,Tokai,5650000,3,3,yes,no,yes,unknown,,,sold,unseen,3 bed 3 bath. 546m² erf. Garden + pool. Modern designer interior by Lance-Barry Stage & Design. Slightly over budget at R5.65M.,2026-06-23,3,,"above ideal price, garden, garage, listing sold"
42,https://www.property24.com/for-sale/bergvliet/cape-town/western-cape/10189/116650941,28 Hiddingh Road,Bergvliet,4995000,3,3,no,no,yes,unknown,,,sold,unseen,3 bed 3.5 bath. 552m² erf. North-facing covered patio + braai. Garden with irrigation + 10kL wellpoint tank. 6 open parking (no garage). R1590/month rates. Listed Nov 2025. Note: multi-unit tone in description – check if freehold or complex in person.,2026-06-23,4,,"in ideal price band, garden, listing sold"
43,https://www.property24.com/for-sale/meadowridge/cape-town/western-cape/10052/115081633,4 Almaria Way,Meadowridge,4600000,3,unknown,yes,no,yes,Seeff Southern Suburbs,,,sold,unseen,3 bed. Lush established garden. Garage + carport. Separate studio with bathroom (teen pad / WFH potential). 2 living rooms. First on market in 40 years. Exclusive sole mandate. Via Seeff.,2026-06-23,5,,"in ideal price band, garden, garage, listing sold"
44,https://www.property24.com/for-sale/pinelands/cape-town/western-cape/8017/115102764,unknown,Pinelands,4450000,3,2,yes,no,yes,Greeff Christie's International Real Estate,,,new,unseen,3 bed 2 bath. 1029m² erf. Double-storey. Beautiful original Oregon floors throughout. Lounge with working fireplace and front garden views. Double carport + original single garage + 4-6 off-street parking. 100000L pool. Champagne Pinelands. Exclusive Sole Mandate. Roof re-tiled ~8 years ago. | [2026-09-20] Status check failed: HTTP 503,2026-06-24,8,2026-09-20,"in ideal price band, garden, garage"
45,https://www.property24.com/for-sale/claremont/cape-town/western-cape/11741,25 Lincoln Road,Claremont,4995000,3,2,unknown,unknown,unknown,unknown,,,new,unseen,3 bed 2 bath. 539m² erf. 4 parking. Exclusive Mandate. Described as filled with warmth character and timeless appeal. Note: specific P24 listing URL not confirmed — verify on property24.com Claremont page. | [2026-09-20] Status check failed: HTTP 503,2026-06-24,6,2026-09-20,in ideal price band
46,https://www.property24.com/for-sale/pinelands/cape-town/western-cape/8017/115921455,unknown,Pinelands,4750000,3,2,yes,yes,yes,Harcourts Maynard Burgoyne,,,new,unseen,3 bed 2 bath. Self-contained flatlet with separate entrance. Pool + covered patio (N/W facing). 5kW inverter + 2x2.5kWh batteries. Solar geyser. 5000L water tank. Walk to Pinehurst Primary + Howard Centre. New Release Sole Mandate. | [2026-09-20] Status check failed: HTTP 503,2026-06-25,9,2026-09-20,"in ideal price band, garden, flatlet, garage"
47,https://www.privateproperty.co.za/for-sale/western-cape/cape-town/southern-suburbs/pinelands/T5378849,unknown,Pinelands,0,3,2,unknown,yes,yes,unknown,,,removed,unseen,3 bed 2 bath. Rare double plot in Champagne Pinelands. Separate-entrance cottage/flatlet. Pool + garden. Upstairs loft (WFH/studio). New Release Exclusive Mandate. Price not confirmed — verify on privateproperty.co.za.,2026-06-25,4,2026-09-20,"garden, flatlet, listing removed"
48,https://www.pamgolding.co.za/property-details/3-bedroom-house-for-sale-pinelands-cape-town/kw1714703,unknown,Pinelands,0,3,unknown,unknown,unknown,unknown,Pam Golding Properties,,,removed,unseen,3 bed. Olde Pinelands character home. Rare blend of character space and versatility. Price not confirmed — verify on pamgolding.co.za.,2026-06-25,2,2026-09-20,listing removed
49,https://www.property24.com/for-sale/pinelands/cape-town/western-cape/8017/116733894,25 Leeuenhof Road,Pinelands,4300000,3,3,unknown,yes,yes,Just Property Blouberg,,,new,unseen,3 bed 3 bath (2 en-suite). Pool in private garden. Self-contained flatlet with private access (bed + bath + kitchen + lounge). Lapa + bar area. Sole exclusive mandate. Good match — flatlet + garden + within budget. | [2026-09-20] Status check failed: HTTP 503,2026-06-25,8,2026-09-20,"in ideal price band, garden, flatlet"
50,https://www.pamgolding.co.za/property-details/house-for-sale-rondebosch/kw1726293,unknown,Rondebosch,4995000,3,2,yes,no,yes,Pam Golding Properties - Southern Suburbs,,,sold,unseen,3 bed 2 bath. 357m² erf. Silver Mile pocket of Rondebosch. Solid character home — ideal renovation canvas. Single garage + 3 off-street parking. Large backyard. Near UCT + schools + Keurboom Park.,2026-06-25,5,2026-09-20,"in ideal price band, garden, garage, listing sold"
51,https://www.seeff.com/results/residential/for-sale/cape-town/plumstead/house/3104228/4-braefield-road/,4 Braefield Road,Plumstead,4395000,3,3,yes,no,yes,Seeff Constantia,,,sold,unseen,3 bed 2.5 bath. 496m² erf. Pool + garden. Double garage + 5 parking. Solar (6 panels + inverter + battery). Wood-burning fireplace. Stacking doors to covered patio. Sole mandate.,2026-06-25,5,2026-09-20,"in ideal price band, garden, garage, listing sold"
52,https://www.property24.com/for-sale/rondebosch/cape-town/western-cape/8682,30 Ednam Road,Rondebosch,4995000,3,2,unknown,no,unknown,unknown,,,new,unseen,3 bed 2.5 bath. 220m² floor. 4 parking. Sole and exclusive mandate. Heart of Rondebosch Village. ⚠️ Exact P24 listing ID unconfirmed — verify on property24.com/rondebosch. | [2026-09-20] Status check failed: HTTP 503,2026-06-26,6,2026-09-20,in ideal price band
53,https://www.privateproperty.co.za/for-sale/western-cape/cape-town/southern-suburbs/pinelands/T5135641,36 Margaret Avenue,Pinelands,4950000,5,3,unknown,no,yes,unknown,,,removed,unseen,5 bed 3 bath. Double-storey thatch character home on corner erf. Views over manicured garden. Situated opposite park/open field. Separate TV room. Spacious and secure. Price reduced.,2026-06-26,4,2026-09-20,"in ideal price band, garden, listing removed"
54,https://www.pamgolding.co.za/property-details/house-for-sale-rondebosch-park-estate/kw1699283,unknown,Rondebosch,4395000,3,2,yes,no,yes,Pam Golding Properties - Southern Suburbs,,,sold,unseen,3 bed 2 bath. 744m² erf. 1 garage. Rondebosch Park Estate. In same family for years — needs renovation but solid structure. Good plot size.,2026-06-26,5,2026-09-20,"in ideal price band, garden, garage, listing sold"
55,https://www.property24.com/for-sale/rondebosch/cape-town/western-cape/8682/117047788,8 Teddington Road,Rondebosch,4995000,3,2,no,yes,yes,Pam Golding Properties - Southern Suburbs,,,new,unseen,3 bed 2 bath. 357m² erf. North-facing character cottage. Outside flatlet (private). Wood-burning fireplace. Open-plan kitchen. Paved auto-gate parking x2. Cul-de-sac near Liesbeeck Trail. Walk to UCT + schools. Listed March 2026. | [2026-09-20] Status check failed: HTTP 503,2026-06-27,8,2026-09-20,"in ideal price band, garden, flatlet"
56,https://www.property24.com/for-sale/bergvliet/cape-town/western-cape/10189/116285881,97 Starke Road,Bergvliet,4995000,3,2,no,no,unknown,Illuminate Real Estate,,,under_offer,unseen,3 bed 2 bath. Split-level home on easy-to-manage plot. 2 blocks from Sweet Valley Primary. Near Constantia Emporium + M3 + M5. Already under offer. Listed Aug 2025. | [2026-09-20] Status check failed: HTTP 503,2026-06-27,5,2026-09-20,"in ideal price band, under offer"
57,https://www.headsproperty.co.za/results/residential/for-sale/cape-town/rondebosch/house/1612/,unknown,Rondebosch,4250000,3,2,unknown,no,yes,Heads Residential Property,,,removed,unseen,3 bed 2 bath. Corner property. Garden + pool. Lounge with fireplace + sliding doors to garden. TV room. Gas stove. Sole mandate new release. Near top schools.,2026-06-27,4,2026-09-20,"in ideal price band, garden, listing removed"
58,https://www.greeff.co.za/results/residential/for-sale/cape-town/rondebosch/house/13699/,unknown,Rondebosch,4880000,3,unknown,no,yes,yes,Greeff Christies International Real Estate,,,removed,unseen,3 bed. Pool. Views. Private guest suite with own entrance (income-generating). Undercover parking x2. Newly renovated. Price calculated from bond (R37982/mo @ 7% 20yr) - verify exact price on greeff.co.za.,2026-06-27,5,2026-09-20,"in ideal price band, garden, flatlet, listing removed"
59,https://www.greeff.co.za/results/residential/for-sale/cape-town/lakeside/house/14975/,unknown,Lakeside,4190000,3,unknown,yes,no,unknown,Greeff Christies International Real Estate,,,removed,unseen,3 bed. Thatched roof. Automated double garage. Mountain + vlei views. Near Zandvlei + Westlake Golf + Surfers Corner. Price calculated from bond (R32563/mo @ 7% 20yr) - verify exact price on greeff.co.za.,2026-06-27,4,2026-09-20,"in ideal price band, garage, listing removed"
60,https://www.jawitz.co.za/results/residential/for-sale/cape-town/meadowridge/house/68529/,unknown,Meadowridge,4850000,3,3,unknown,no,yes,Jawitz Properties,,,removed,unseen,3 bed 3 bath. Garden with automated irrigation + rosebushes + pool. Solid oak kitchen with granite tops. Quiet road. Viewings by appointment.,2026-06-27,4,2026-09-20,"in ideal price band, garden, listing removed"
61,https://www.quay1.co.za/results/residential/for-sale/cape-town/bergvliet/house/5907/,unknown,Bergvliet,4995000,3,3,unknown,no,yes,Quay 1 International Realty,,,active,unseen,3 bed 2.5 bath + large study. Offers from R4995000. Lush indigenous garden with pool + small pond + veggie patch + chicken coop + water tanks. Drenched in light. Near Sweet Valley Primary + Bergvliet High.,2026-06-27,7,2026-09-20,"in ideal price band, garden"
62,https://www.quay1.co.za/results/residential/for-sale/cape-town/plumstead/house/3287998/70a-woodley/,70a Woodley Road,Plumstead,4250000,3,unknown,unknown,no,yes,Quay 1 International Realty,,,active,unseen,3 bed. 490m2 corner erf. Wraparound garden + pool. Approved pool room extension plans. 200m from Lympleigh Park. Also listed on P24 116533264 - confirmed under offer.,2026-06-27,7,2026-09-20,"in ideal price band, garden"
63,https://www.quay1.co.za/results/residential/for-sale/cape-town/rondebosch-park-estate-rondebosch/house/2118/,unknown,Rondebosch,5349000,3,4,yes,no,yes,Quay 1 International Realty,,,removed,unseen,3 bed 4 bath. Brand new modern home. Pool + astroturf lawn. Double garage + off-street parking x5+. 1000L rainwater tank. Note: astroturf not real grass.,2026-06-27,3,2026-09-20,"above ideal price, garden, garage, listing removed"
64,https://www.seeff.com/results/residential/for-sale/cape-town/claremont-upper/house/200679/,unknown,Claremont Upper,4200000,3,2,yes,no,yes,Seeff,,,removed,unseen,3 bed 2 bath. Secure level garden with 3 awnings. Single garage. Open-plan lounge/dining with gas stove. All beds with BICs. Main en-suite. Via Seeff Claremont Upper.,2026-06-28,5,2026-09-20,"in ideal price band, garden, garage, listing removed"
65,https://www.property24.com/for-sale/pinelands/cape-town/western-cape/8017/115348035,13 Oranje Avenue,Pinelands,5495000,3,3,yes,no,yes,unknown,,,under_offer,unseen,3 bed 3.5 bath. 1363m² erf. 2 garages. Pool + large garden. Sunny patio. Separate outside space (WFH/Airbnb/flatlet potential). 6 parking. Listed Dec 2024. Confirmed UNDER OFFER. | [2026-09-20] Status check failed: HTTP 503,2026-06-28,5,2026-09-20,"above ideal price, garden, garage, under offer"
66,https://www.property24.com/for-sale/meadowridge/cape-town/western-cape/10052/115659659,2 Stratford Way,Meadowridge,4200000,3,3,yes,no,yes,unknown,,,new,unseen,3 bed 2.5 bath. 718m2 erf. Pool (north side). Mountain views. Large outbuilding (~60m2) could be office/guest suite. 1 garage. Near Bergvliet High. Pet friendly. | [2026-09-20] Status check failed: HTTP 503,2026-06-28,8,2026-09-20,"in ideal price band, garden, garage"
67,https://www.property24.com/for-sale/muizenberg/cape-town/western-cape/9025/116148297,16 Main Road,Muizenberg,5750000,3,unknown,unknown,no,yes,Sandak Lewin Trust,,,new,unseen,3 bed. 880m2 erf. Established lush garden + fishpond + pool. Wood-burning fireplace. Sunroom (WFH/studio). Walk to beach + vlei + mountain trails. Sandak Lewin agent. Over budget at R5.75M. | [2026-09-20] Status check failed: HTTP 503,2026-06-28,5,2026-09-20,"above ideal price, garden"
68,https://www.privateproperty.co.za/for-sale/western-cape/cape-town/southern-suburbs/pinelands/T5133837,unknown,Pinelands,0,3,unknown,unknown,yes,yes,unknown,,,removed,unseen,3 bed. Heart of Pinelands. Lounge with fireplace. Separate 1-bed cottage (own entrance + parking). Small study. New release exclusive mandate. Price not confirmed - verify on privateproperty.co.za.,2026-06-28,4,2026-09-20,"garden, flatlet, listing removed"
69,https://www.privateproperty.co.za/for-sale/western-cape/cape-town/southern-suburbs/pinelands/T5238916,unknown,Pinelands,0,3,unknown,yes,no,yes,unknown,,,removed,unseen,3 bed. Corner erf in Champagne Pinelands. Landscaped garden + pool + irrigation + borehole + 2 water tanks. Double garage (direct access). Main en-suite with freestanding bath. Gas oven kitchen. New release. Price not confirmed - verify on privateproperty.co.za.,2026-06-28,4,2026-09-20,"garden, garage, listing removed"
70,https://www.privateproperty.co.za/for-sale/western-cape/cape-town/southern-suburbs/wynberg/6-eleve/6-mountain-view-road/T5296373,"6 Eleve, 6 Mountain View Road",Wynberg,0,3,3,unknown,unknown,yes,unknown,,,active,unseen,Erf 983m².,2026-09-20,6,2026-09-20,garden
71,https://www.privateproperty.co.za/for-sale/western-cape/cape-town/southern-suburbs/wynberg/3-eleve/6-mountain-view-road/T5295283,"3 Eleve, 6 Mountain View Road",Wynberg,0,3,3,unknown,unknown,yes,unknown,,,active,unseen,Erf 983m².,2026-09-20,6,2026-09-20,garden
72,https://www.privateproperty.co.za/for-sale/western-cape/cape-town/southern-suburbs/wynberg/wynberg-upper/T5355217,unknown,Wynberg,0,0,unknown,unknown,unknown,yes,unknown,,,active,unseen,Erf 500m².,2026-09-20,6,2026-09-20,garden
73,https://www.privateproperty.co.za/for-sale/western-cape/cape-town/southern-suburbs/wynberg/wynberg-upper/31a-bayview-road/T5617804,31A Bayview Road,Wynberg,5900000,4,2,yes,unknown,yes,unknown,,,active,unseen,Erf 416m².,2026-09-20,6,2026-09-20,"above ideal price, garden, garage"
74,https://www.privateproperty.co.za/for-sale/western-cape/cape-town/southern-suburbs/wynberg/5-eleve/6-mountain-view-road/T5295849,"5 Eleve, 6 Mountain View Road",Wynberg,0,4,4,unknown,unknown,yes,unknown,,,active,unseen,Erf 983m².,2026-09-20,6,2026-09-20,garden
75,https://www.privateproperty.co.za/for-sale/western-cape/cape-town/southern-suburbs/wynberg/7-eleve/6-mountain-view-road/T5296379,"7 Eleve, 6 Mountain View Road",Wynberg,0,3,3,unknown,unknown,yes,unknown,,,active,unseen,Erf 983m².,2026-09-20,6,2026-09-20,garden
76,https://www.privateproperty.co.za/for-sale/western-cape/cape-town/southern-suburbs/wynberg/wynberg-upper/2-eleve/6-mountain-view-road/T5295246,"2 Eleve, 6 Mountain View Road",Wynberg,0,3,3,unknown,unknown,yes,unknown,,,active,unseen,Erf 980m².,2026-09-20,6,2026-09-20,garden
77,https://www.privateproperty.co.za/for-sale/western-cape/cape-town/southern-suburbs/wynberg/93-castletown-road/T5508588,93 Castletown Road,Wynberg,0,4,4,yes,unknown,yes,unknown,,,active,unseen,Erf 649m².,2026-09-20,7,2026-09-20,"garden, garage"
78,https://www.privateproperty.co.za/for-sale/western-cape/cape-town/southern-suburbs/wynberg/wynberg-upper/1-eleve/6-mountain-view-road/T5295247,"1 Eleve, 6 Mountain View Road",Wynberg,0,3,3,unknown,unknown,yes,unknown,,,active,unseen,Erf 983m².,2026-09-20,6,2026-09-20,garden
79,https://www.privateproperty.co.za/for-sale/western-cape/cape-town/southern-suburbs/wynberg/wynberg-upper/T5626641,unknown,Wynberg,0,2,2,yes,unknown,yes,unknown,,,active,unseen,Erf 226m².,2026-09-20,7,2026-09-20,"garden, garage"
80,https://www.privateproperty.co.za/for-sale/western-cape/cape-town/southern-suburbs/wynberg/wynberg-upper/T5479572,unknown,Wynberg Upper,0,7,7,unknown,unknown,yes,unknown,,,active,unseen,Erf 396m².,2026-09-20,6,2026-09-20,garden
81,https://www.privateproperty.co.za/for-sale/western-cape/cape-town/southern-suburbs/wynberg/wynberg-upper/T5602500,unknown,Wynberg Upper,0,3,2,unknown,yes,yes,unknown,,,active,unseen,Erf 152m².,2026-09-20,7,2026-09-20,"garden, flatlet"
82,https://www.privateproperty.co.za/for-sale/western-cape/cape-town/southern-suburbs/wynberg/wynberg-upper/T5602184,unknown,Wynberg Upper,0,0,unknown,unknown,unknown,unknown,unknown,,,removed,unseen,,2026-09-20,2,2026-09-20,listing removed
83,https://www.privateproperty.co.za/for-sale/western-cape/cape-town/southern-suburbs/kenilworth/kenilworth-upper/T5624985,unknown,Kenilworth,0,3,3,unknown,unknown,yes,unknown,,,active,unseen,Erf 282m².,2026-09-20,6,2026-09-20,garden
84,https://www.privateproperty.co.za/for-sale/western-cape/cape-town/southern-suburbs/kenilworth/T5559656,unknown,Kenilworth,0,5,5,unknown,yes,yes,unknown,,,active,unseen,Erf 510m².,2026-09-20,7,2026-09-20,"garden, flatlet"
85,https://www.privateproperty.co.za/for-sale/western-cape/cape-town/southern-suburbs/claremont/claremont-upper/T5554050,unknown,Claremont,6495000,3,3,yes,unknown,yes,unknown,,,active,unseen,Erf 334m².,2026-09-20,6,2026-09-20,"above ideal price, garden, garage"
86,https://www.privateproperty.co.za/for-sale/western-cape/cape-town/southern-suburbs/claremont/66b-st-leger-road/T5617648,66B St Leger Road,Claremont,5350000,3,3,yes,unknown,yes,unknown,,,active,unseen,Erf 229m².,2026-09-20,6,2026-09-20,"above ideal price, garden, garage"
87,https://www.privateproperty.co.za/for-sale/western-cape/cape-town/southern-suburbs/claremont/122a-belvedere-road/T5545121,122A Belvedere Road,Claremont,0,2,2,unknown,unknown,yes,unknown,,,active,unseen,Erf 227m².,2026-09-20,6,2026-09-20,garden
88,https://www.privateproperty.co.za/for-sale/western-cape/cape-town/southern-suburbs/claremont/claremont-upper/T5343260,unknown,Claremont Upper,0,4,4,yes,unknown,yes,unknown,,,active,unseen,Erf 145m².,2026-09-20,7,2026-09-20,"garden, garage"
89,https://www.privateproperty.co.za/for-sale/western-cape/cape-town/southern-suburbs/claremont/claremont-upper/T5382316,unknown,Claremont Upper,0,3,3,yes,unknown,yes,unknown,,,active,unseen,Erf 132m².,2026-09-20,7,2026-09-20,"garden, garage"
90,https://www.privateproperty.co.za/for-sale/western-cape/cape-town/southern-suburbs/claremont/claremont-upper/T5515860,unknown,Claremont Upper,0,2,2,unknown,unknown,yes,unknown,,,active,unseen,Erf 233m².,2026-09-20,6,2026-09-20,garden
91,https://www.privateproperty.co.za/for-sale/western-cape/cape-town/southern-suburbs/claremont/claremont-upper/T5514214,unknown,Claremont Upper,0,2,2,yes,unknown,yes,unknown,,,active,unseen,,2026-09-20,7,2026-09-20,"garden, garage"
92,https://www.privateproperty.co.za/for-sale/western-cape/cape-town/southern-suburbs/newlands/T5161139,unknown,Newlands,0,2,2,unknown,unknown,yes,unknown,,,active,unseen,Erf 116m².,2026-09-20,6,2026-09-20,garden
93,https://www.privateproperty.co.za/for-sale/western-cape/cape-town/southern-suburbs/newlands/T5546632,unknown,Newlands,0,2,2,unknown,unknown,yes,unknown,,,active,unseen,,2026-09-20,6,2026-09-20,garden
94,https://www.privateproperty.co.za/for-sale/western-cape/cape-town/southern-suburbs/rondebosch/2-lulworth-road/T5613563,2 Lulworth Road,Rondebosch,4100000,2,2,unknown,unknown,yes,unknown,,,active,unseen,Erf 142m².,2026-09-20,7,2026-09-20,"in ideal price band, garden"
95,https://www.privateproperty.co.za/for-sale/western-cape/cape-town/southern-suburbs/rondebosch/T5526058,unknown,Rondebosch,0,2,2,unknown,unknown,yes,unknown,,,active,unseen,Erf 149m².,2026-09-20,6,2026-09-20,garden
96,https://www.privateproperty.co.za/for-sale/western-cape/cape-town/southern-suburbs/rondebosch-east/T5546932,unknown,Rondebosch East,0,3,3,yes,yes,yes,unknown,,,active,unseen,Erf 496m².,2026-09-20,8,2026-09-20,"garden, flatlet, garage"
97,https://www.privateproperty.co.za/for-sale/western-cape/cape-town/southern-suburbs/mowbray/T5537016,unknown,Mowbray,0,3,3,yes,unknown,yes,unknown,,,active,unseen,Erf 121m².,2026-09-20,7,2026-09-20,"garden, garage"
98,https://www.privateproperty.co.za/for-sale/western-cape/cape-town/southern-suburbs/mowbray/T5537019,unknown,Mowbray,0,3,3,yes,unknown,yes,unknown,,,active,unseen,Erf 250m².,2026-09-20,7,2026-09-20,"garden, garage"
99,https://www.privateproperty.co.za/for-sale/western-cape/cape-town/southern-suburbs/mowbray/T5600422,unknown,Mowbray,0,3,3,unknown,unknown,yes,unknown,,,active,unseen,Erf 402m².,2026-09-20,6,2026-09-20,garden
100,https://www.privateproperty.co.za/for-sale/western-cape/cape-town/southern-suburbs/mowbray/T5536691,unknown,Mowbray,0,2,2,unknown,unknown,yes,unknown,,,active,unseen,Erf 120m².,2026-09-20,6,2026-09-20,garden
101,https://www.privateproperty.co.za/for-sale/western-cape/cape-town/southern-suburbs/observatory/T5508658,unknown,Observatory,3520000,2,2,unknown,unknown,yes,unknown,,,active,unseen,Erf 69m².,2026-09-20,7,2026-09-20,"in ideal price band, garden"
102,https://www.privateproperty.co.za/for-sale/western-cape/cape-town/southern-suburbs/observatory/T5429826,unknown,Observatory,0,3,3,yes,yes,yes,unknown,,,active,unseen,Erf 270m².,2026-09-20,8,2026-09-20,"garden, flatlet, garage"
103,https://www.privateproperty.co.za/for-sale/western-cape/cape-town/southern-suburbs/pinelands/T5531780,unknown,Pinelands,0,0,unknown,unknown,unknown,unknown,unknown,,,removed,unseen,,2026-09-20,2,2026-09-20,listing removed
104,https://www.privateproperty.co.za/for-sale/western-cape/cape-town/southern-suburbs/tokai/T5425326,unknown,Tokai,0,4,4,yes,unknown,yes,unknown,,,active,unseen,Erf 156m².,2026-09-20,7,2026-09-20,"garden, garage"
105,https://www.privateproperty.co.za/for-sale/western-cape/cape-town/southern-suburbs/tokai/19-paddock-lane/T5589287,19 Paddock Lane,Tokai,0,3,3,yes,unknown,yes,unknown,,,active,unseen,Erf 307m².,2026-09-20,7,2026-09-20,"garden, garage"
106,https://www.privateproperty.co.za/for-sale/western-cape/cape-town/southern-suburbs/tokai/15-highlands-avenue/T5600323,15 Highlands Avenue,Tokai,0,3,3,yes,unknown,yes,unknown,,,active,unseen,Erf 716m².,2026-09-20,7,2026-09-20,"garden, garage"
107,https://www.privateproperty.co.za/for-sale/western-cape/cape-town/southern-suburbs/bergvliet/T5523234,unknown,Bergvliet,0,2,2,yes,unknown,yes,unknown,,,active,unseen,Erf 260m².,2026-09-20,7,2026-09-20,"garden, garage"
108,https://www.privateproperty.co.za/for-sale/western-cape/cape-town/southern-suburbs/meadowridge/T5514199,unknown,Meadowridge,0,2,2,yes,unknown,yes,unknown,,,active,unseen,Erf 09113m².,2026-09-20,7,2026-09-20,"garden, garage"
109,https://www.privateproperty.co.za/for-sale/western-cape/cape-town/southern-suburbs/meadowridge/T5514202,unknown,Meadowridge,0,3,3.5,yes,unknown,yes,unknown,,,active,unseen,Erf 140m².,2026-09-20,7,2026-09-20,"garden, garage"
110,https://www.privateproperty.co.za/for-sale/western-cape/cape-town/southern-suburbs/plumstead/T5594151,unknown,Plumstead,0,3,3,yes,unknown,yes,unknown,,,active,unseen,Erf 495m².,2026-09-20,7,2026-09-20,"garden, garage"
111,https://www.privateproperty.co.za/for-sale/western-cape/cape-town/southern-suburbs/plumstead/151-pluto-street/T5536948,151 Pluto Street,Plumstead,0,3,1.5,yes,unknown,yes,unknown,,,active,unseen,Erf 595m².,2026-09-20,7,2026-09-20,"garden, garage"
112,https://www.privateproperty.co.za/for-sale/western-cape/cape-town/southern-suburbs/constantia/T5415088,unknown,Constantia,0,2,2,unknown,unknown,yes,unknown,,,active,unseen,Erf 304m².,2026-09-20,6,2026-09-20,garden
113,https://www.privateproperty.co.za/for-sale/western-cape/cape-town/southern-suburbs/constantia/T5501420,unknown,Constantia,0,0,unknown,unknown,unknown,yes,unknown,,,active,unseen,Erf 580m².,2026-09-20,6,2026-09-20,garden
114,https://www.privateproperty.co.za/for-sale/western-cape/cape-town/southern-suburbs/lakeside/6-sand-close/T5617809,6 Sand Close,Lakeside,0,2,2,unknown,unknown,yes,unknown,,,active,unseen,Erf 136m².,2026-09-20,6,2026-09-20,garden
115,https://www.privateproperty.co.za/for-sale/western-cape/cape-town/southern-suburbs/lakeside/T5599756,unknown,Lakeside,0,3,3,yes,unknown,yes,unknown,,,active,unseen,Erf 112m².,2026-09-20,7,2026-09-20,"garden, garage"
116,https://www.privateproperty.co.za/for-sale/western-cape/cape-town/southern-suburbs/lakeside/T5622383,unknown,Lakeside,4995000,0,unknown,unknown,unknown,yes,unknown,,,active,unseen,Erf 799m².,2026-09-20,7,2026-09-20,"in ideal price band, garden"
117,https://www.privateproperty.co.za/for-sale/western-cape/cape-town/southern-suburbs/lakeside/10-bedford-road/T5626906,10 Bedford Road,Lakeside,3200000,3,3,yes,unknown,yes,unknown,,,active,unseen,Erf 444m².,2026-09-20,8,2026-09-20,"in ideal price band, garden, garage"
118,https://www.seeff.com/results/residential/for-sale/cape-town/kenilworth/house/3450141/16-bray-road/,unknown,Kenilworth,5800000,4,unknown,unknown,unknown,unknown,unknown,,,active,unseen,Auto-added by daily search from www.seeff.com. Metadata extracted from detail page — verify manually.,2026-09-20,4,2026-09-20,above ideal price
119,https://www.seeff.com/results/residential/for-sale/cape-town/kenilworth-upper/house/3454375/,unknown,Kenilworth,6295000,3,unknown,unknown,unknown,unknown,unknown,,,active,unseen,Auto-added by daily search from www.seeff.com. Metadata extracted from detail page — verify manually.,2026-09-20,4,2026-09-20,above ideal price
120,https://www.seeff.com/results/residential/for-sale/cape-town/claremont/house/3452143/29-budock-road/,unknown,Claremont,6000000,3,unknown,unknown,unknown,unknown,unknown,,,active,unseen,Auto-added by daily search from www.seeff.com. Metadata extracted from detail page — verify manually.,2026-09-20,4,2026-09-20,above ideal price
121,https://www.seeff.com/results/residential/for-sale/cape-town/claremont/house/3360214/,unknown,Claremont,6300000,4,unknown,unknown,unknown,unknown,unknown,,,active,unseen,Auto-added by daily search from www.seeff.com. Metadata extracted from detail page — verify manually.,2026-09-20,4,2026-09-20,above ideal price
122,https://www.seeff.com/results/residential/for-sale/cape-town/claremont/house/2923248/,unknown,Claremont,4900000,2,unknown,unknown,unknown,unknown,unknown,,,active,unseen,Auto-added by daily search from www.seeff.com. Metadata extracted from detail page — verify manually.,2026-09-20,6,2026-09-20,in ideal price band
123,https://www.seeff.com/results/residential/for-sale/cape-town/claremont/house/481879/,unknown,Claremont,3950000,3,unknown,unknown,unknown,unknown,unknown,,,active,unseen,Auto-added by daily search from www.seeff.com. Metadata extracted from detail page — verify manually.,2026-09-20,6,2026-09-20,in ideal price band
124,https://www.seeff.com/results/residential/for-sale/cape-town/claremont/house/3165526/90-queen-victoria-road/,unknown,Claremont,5200000,3,unknown,unknown,unknown,unknown,unknown,,,active,unseen,Auto-added by daily search from www.seeff.com. Metadata extracted from detail page — verify manually.,2026-09-20,6,2026-09-20,in ideal price band
125,https://www.seeff.com/results/residential/for-sale/cape-town/claremont/house/2910676/,unknown,Claremont,5800000,3,unknown,unknown,unknown,unknown,unknown,,,active,unseen,Auto-added by daily search from www.seeff.com. Metadata extracted from detail page — verify manually.,2026-09-20,4,2026-09-20,above ideal price
126,https://www.seeff.com/results/residential/for-sale/cape-town/claremont/house/3374859/19-cook-road/,unknown,Claremont,5600000,3,unknown,unknown,unknown,unknown,unknown,,,active,unseen,Auto-added by daily search from www.seeff.com. Metadata extracted from detail page — verify manually.,2026-09-20,4,2026-09-20,above ideal price
127,https://www.seeff.com/results/residential/for-sale/cape-town/claremont/house/3135570/17-belvedere-road/,unknown,Claremont,6950000,3,unknown,unknown,unknown,unknown,unknown,,,active,unseen,Auto-added by daily search from www.seeff.com. Metadata extracted from detail page — verify manually.,2026-09-20,4,2026-09-20,above ideal price
128,https://www.seeff.com/results/residential/for-sale/cape-town/claremont/house/3142310/6-columbus-road/,unknown,Claremont,5300000,3,unknown,unknown,unknown,unknown,unknown,,,active,unseen,Auto-added by daily search from www.seeff.com. Metadata extracted from detail page — verify manually.,2026-09-20,4,2026-09-20,above ideal price
129,https://www.seeff.com/results/residential/for-sale/cape-town/newlands/house/3388774/,unknown,Newlands,6950000,2,unknown,unknown,unknown,unknown,unknown,,,active,unseen,Auto-added by daily search from www.seeff.com. Metadata extracted from detail page — verify manually.,2026-09-20,4,2026-09-20,above ideal price
130,https://www.seeff.com/results/residential/for-sale/cape-town/rondebosch/house/3125565/16-belvedere-road/,unknown,Rondebosch,5500000,4,unknown,unknown,unknown,unknown,unknown,,,active,unseen,Auto-added by daily search from www.seeff.com. Metadata extracted from detail page — verify manually.,2026-09-20,4,2026-09-20,above ideal price
131,https://www.seeff.com/results/residential/for-sale/cape-town/rondebosch/house/3342781/5-rubicon-road/,unknown,Rondebosch,5400000,3,unknown,unknown,unknown,unknown,unknown,,,active,unseen,Auto-added by daily search from www.seeff.com. Metadata extracted from detail page — verify manually.,2026-09-20,4,2026-09-20,above ideal price
132,https://www.seeff.com/results/residential/for-sale/cape-town/rondebosch/house/3113547/50-ranelagh-road/,unknown,Rondebosch,5500000,2,unknown,unknown,unknown,unknown,unknown,,,active,unseen,Auto-added by daily search from www.seeff.com. Metadata extracted from detail page — verify manually.,2026-09-20,4,2026-09-20,above ideal price
133,https://www.seeff.com/results/residential/for-sale/cape-town/pinelands/house/3426201/,unknown,Pinelands,5550000,5,unknown,unknown,unknown,unknown,unknown,,,active,unseen,Auto-added by daily search from www.seeff.com. Metadata extracted from detail page — verify manually.,2026-09-20,4,2026-09-20,above ideal price
134,https://www.seeff.com/results/residential/for-sale/cape-town/observatory/house/3034164/43-polo-road/,unknown,Observatory,4500000,6,unknown,unknown,unknown,unknown,unknown,,,active,unseen,Auto-added by daily search from www.seeff.com. Metadata extracted from detail page — verify manually.,2026-09-20,6,2026-09-20,in ideal price band
135,https://www.seeff.com/results/residential/for-sale/cape-town/pinelands/house/3332075/,unknown,Pinelands,5395000,3,unknown,unknown,unknown,unknown,unknown,,,active,unseen,Auto-added by daily search from www.seeff.com. Metadata extracted from detail page — verify manually.,2026-09-20,4,2026-09-20,above ideal price
136,https://www.seeff.com/results/residential/for-sale/cape-town/pinelands/house/3150658/,unknown,Pinelands,3850000,2,unknown,unknown,unknown,unknown,unknown,,,active,unseen,Auto-added by daily search from www.seeff.com. Metadata extracted from detail page — verify manually.,2026-09-20,6,2026-09-20,in ideal price band
137,https://www.seeff.com/results/residential/for-sale/cape-town/pinelands/house/3181959/,unknown,Pinelands,6750000,4,unknown,unknown,unknown,unknown,unknown,,,active,unseen,Auto-added by daily search from www.seeff.com. Metadata extracted from detail page — verify manually.,2026-09-20,4,2026-09-20,above ideal price
138,https://www.seeff.com/results/residential/for-sale/cape-town/pinelands/house/3149891/,unknown,Pinelands,5250000,4,unknown,unknown,unknown,unknown,unknown,,,active,unseen,Auto-added by daily search from www.seeff.com. Metadata extracted from detail page — verify manually.,2026-09-20,4,2026-09-20,above ideal price
139,https://www.seeff.com/results/residential/for-sale/cape-town/pinelands/house/3408835/,unknown,Pinelands,6150000,4,unknown,unknown,unknown,unknown,unknown,,,active,unseen,Auto-added by daily search from www.seeff.com. Metadata extracted from detail page — verify manually.,2026-09-20,4,2026-09-20,above ideal price
140,https://www.seeff.com/results/residential/for-sale/cape-town/pinelands/house/3141711/,unknown,Pinelands,5350000,3,unknown,unknown,unknown,unknown,unknown,,,active,unseen,Auto-added by daily search from www.seeff.com. Metadata extracted from detail page — verify manually.,2026-09-20,4,2026-09-20,above ideal price
141,https://www.seeff.com/results/residential/for-sale/cape-town/tokai/house/3388317/31c-burgundy-mews-vans-road/,unknown,Tokai,4950000,3,unknown,unknown,unknown,unknown,unknown,,,active,unseen,Auto-added by daily search from www.seeff.com. Metadata extracted from detail page — verify manually.,2026-09-20,6,2026-09-20,in ideal price band
142,https://www.seeff.com/results/residential/for-sale/cape-town/diep-river/house/3364858/4-ruchell-road/,unknown,Diep River,3995000,4,unknown,unknown,unknown,unknown,unknown,,,active,unseen,Auto-added by daily search from www.seeff.com. Metadata extracted from detail page — verify manually.,2026-09-20,6,2026-09-20,in ideal price band
143,https://www.seeff.com/results/residential/for-sale/cape-town/plumstead/house/3182127/108-rotherfield-road/,unknown,Plumstead,3750000,3,unknown,unknown,unknown,unknown,unknown,,,active,unseen,Auto-added by daily search from www.seeff.com. Metadata extracted from detail page — verify manually.,2026-09-20,6,2026-09-20,in ideal price band
144,https://www.seeff.com/results/residential/for-sale/cape-town/constantia/house/3164958/,unknown,Constantia,0,8,unknown,unknown,unknown,unknown,unknown,,,active,unseen,Auto-added by daily search from www.seeff.com. Metadata extracted from detail page — verify manually.,2026-09-20,5,2026-09-20,"neutral, no strong signals"
145,https://www.seeff.com/results/residential/for-sale/cape-town/lakeside/house/3165289/6-rooikrans-road/,unknown,Lakeside,4750000,3,unknown,unknown,unknown,unknown,unknown,,,active,unseen,Auto-added by daily search from www.seeff.com. Metadata extracted from detail page — verify manually.,2026-09-20,6,2026-09-20,in ideal price band
146,https://www.chaseveritt.co.za/results/residential/for-sale/cape-town/plumstead/house/3457180/,unknown,Plumstead,4475000,4,unknown,unknown,unknown,unknown,unknown,,,active,unseen,Auto-added by daily search from www.chaseveritt.co.za. Metadata extracted from detail page — verify manually.,2026-09-20,6,2026-09-20,in ideal price band
147,https://www.chaseveritt.co.za/results/residential/for-sale/cape-town/wynberg-upper/house/3429789/,unknown,Wynberg,4600000,3,unknown,unknown,unknown,unknown,unknown,,,active,unseen,Auto-added by daily search from www.chaseveritt.co.za. Metadata extracted from detail page — verify manually.,2026-09-20,6,2026-09-20,in ideal price band
148,https://www.chaseveritt.co.za/results/residential/for-sale/cape-town/wynberg-upper/house/3392158/,unknown,Wynberg,3200000,2,unknown,unknown,unknown,unknown,unknown,,,active,unseen,Auto-added by daily search from www.chaseveritt.co.za. Metadata extracted from detail page — verify manually.,2026-09-20,6,2026-09-20,in ideal price band
149,https://www.chaseveritt.co.za/results/residential/for-sale/cape-town/observatory/house/3358506/,unknown,Observatory,3950000,3,unknown,unknown,unknown,unknown,unknown,,,active,unseen,Auto-added by daily search from www.chaseveritt.co.za. Metadata extracted from detail page — verify manually.,2026-09-20,6,2026-09-20,in ideal price band
150,https://www.jawitz.co.za/results/residential/for-sale/cape-town/mowbray/house/3422045/,unknown,Mowbray,5200000,3,unknown,unknown,unknown,unknown,unknown,,,active,unseen,Auto-added by daily search from www.jawitz.co.za. Metadata extracted from detail page — verify manually.,2026-09-20,6,2026-09-20,in ideal price band
151,https://www.greeff.co.za/results/residential/for-sale/cape-town/kenilworth/house/3409296/,unknown,Kenilworth,4450000,2,unknown,unknown,unknown,unknown,unknown,,,active,unseen,Auto-added by daily search from www.greeff.co.za. Metadata extracted from detail page — verify manually.,2026-09-20,6,2026-09-20,in ideal price band
152,https://www.greeff.co.za/results/residential/for-sale/cape-town/harfield-village/house/3447065/,unknown,Rondebosch East,5100000,2,unknown,unknown,unknown,unknown,unknown,,,active,unseen,Auto-added by daily search from www.greeff.co.za. Metadata extracted from detail page — verify manually.,2026-09-20,6,2026-09-20,in ideal price band
153,https://www.greeff.co.za/results/residential/for-sale/cape-town/kensington/house/3448470/,unknown,Rondebosch East,3460000,5,unknown,unknown,unknown,unknown,unknown,,,active,unseen,Auto-added by daily search from www.greeff.co.za. Metadata extracted from detail page — verify manually.,2026-09-20,6,2026-09-20,in ideal price band
154,https://www.greeff.co.za/results/residential/for-sale/cape-town/pinelands/house/1225549/,unknown,Pinelands,3595000,4,unknown,unknown,unknown,unknown,unknown,,,active,unseen,Auto-added by daily search from www.greeff.co.za. Metadata extracted from detail page — verify manually.,2026-09-20,6,2026-09-20,in ideal price band
155,https://www.greeff.co.za/results/residential/for-sale/cape-town/tokai/house/3375310/,unknown,Tokai,6450000,3,unknown,unknown,unknown,unknown,unknown,,,active,unseen,Auto-added by daily search from www.greeff.co.za. Metadata extracted from detail page — verify manually.,2026-09-20,4,2026-09-20,above ideal price
156,https://www.greeff.co.za/results/residential/for-sale/cape-town/kalk-bay/house/2504080/8-clairvaux-road/,unknown,Kalk Bay,7000000,2,unknown,unknown,unknown,unknown,unknown,,,active,unseen,Auto-added by daily search from www.greeff.co.za. Metadata extracted from detail page — verify manually.,2026-09-20,4,2026-09-20,above ideal price
157,https://www.quay1.co.za/results/residential/for-sale/cape-town/wynberg-upper/house/3438024/,unknown,Wynberg,3995000,4,unknown,unknown,unknown,unknown,unknown,,,active,unseen,Auto-added by daily search from www.quay1.co.za. Metadata extracted from detail page — verify manually.,2026-09-20,6,2026-09-20,in ideal price band
158,https://www.quay1.co.za/results/residential/for-sale/cape-town/kenilworth/house/3310728/,unknown,Kenilworth,3850000,3,unknown,unknown,unknown,unknown,unknown,,,active,unseen,Auto-added by daily search from www.quay1.co.za. Metadata extracted from detail page — verify manually.,2026-09-20,6,2026-09-20,in ideal price band
159,https://www.quay1.co.za/results/residential/for-sale/cape-town/plumstead/house/3402050/1-lady-jean-31-honiton/,unknown,Plumstead,4900000,9,unknown,unknown,unknown,unknown,unknown,,,active,unseen,Auto-added by daily search from www.quay1.co.za. Metadata extracted from detail page — verify manually.,2026-09-20,6,2026-09-20,in ideal price band
160,https://www.quay1.co.za/results/residential/for-sale/cape-town/lakeside/house/2904072/5-orchard-avenue/,unknown,Lakeside,6000000,5,unknown,unknown,unknown,unknown,unknown,,,active,unseen,Auto-added by daily search from www.quay1.co.za. Metadata extracted from detail page — verify manually.,2026-09-20,4,2026-09-20,above ideal price
161,https://www.headsproperty.co.za/results/residential/for-sale/cape-town/claremont/house/3455669/,unknown,Claremont,6700000,3,unknown,unknown,unknown,unknown,unknown,,,active,unseen,Auto-added by daily search from www.headsproperty.co.za. Metadata extracted from detail page — verify manually.,2026-09-20,4,2026-09-20,above ideal price
162,https://www.headsproperty.co.za/results/residential/for-sale/cape-town/harfield-village/house/2944075/,unknown,Wynberg Upper,3650000,2,unknown,unknown,unknown,unknown,unknown,,,active,unseen,Auto-added by daily search from www.headsproperty.co.za. Metadata extracted from detail page — verify manually.,2026-09-20,6,2026-09-20,in ideal price band
163,https://www.headsproperty.co.za/results/residential/for-sale/cape-town/rondebosch-park-estate/house/3025609/,unknown,Rondebosch,4150000,3,unknown,unknown,unknown,unknown,unknown,,,active,unseen,Auto-added by daily search from www.headsproperty.co.za. Metadata extracted from detail page — verify manually.,2026-09-20,6,2026-09-20,in ideal price band
164,https://www.headsproperty.co.za/results/residential/for-sale/cape-town/harfield-village/house/3368005/,unknown,Wynberg Upper,4195000,2,unknown,unknown,unknown,unknown,unknown,,,active,unseen,Auto-added by daily search from www.headsproperty.co.za. Metadata extracted from detail page — verify manually.,2026-09-20,6,2026-09-20,in ideal price band
165,https://www.headsproperty.co.za/results/residential/for-sale/cape-town/harfield-village/house/3367915/,unknown,Wynberg Upper,4295000,2,unknown,unknown,unknown,unknown,unknown,,,active,unseen,Auto-added by daily search from www.headsproperty.co.za. Metadata extracted from detail page — verify manually.,2026-09-20,6,2026-09-20,in ideal price band
166,https://www.headsproperty.co.za/results/residential/for-sale/cape-town/wynberg/house/2832143/,unknown,Wynberg,3650000,3,unknown,unknown,unknown,unknown,unknown,,,active,unseen,Auto-added by daily search from www.headsproperty.co.za. Metadata extracted from detail page — verify manually.,2026-09-20,6,2026-09-20,in ideal price band
167,https://www.headsproperty.co.za/results/residential/for-sale/cape-town/harfield-village/house/3079579/,unknown,Wynberg Upper,3595000,3,unknown,unknown,unknown,unknown,unknown,,,active,unseen,Auto-added by daily search from www.headsproperty.co.za. Metadata extracted from detail page — verify manually.,2026-09-20,6,2026-09-20,in ideal price band
168,https://www.headsproperty.co.za/results/residential/for-sale/cape-town/kenilworth/house/3407494/,unknown,Kenilworth,4650000,3,unknown,unknown,unknown,unknown,unknown,,,active,unseen,Auto-added by daily search from www.headsproperty.co.za. Metadata extracted from detail page — verify manually.,2026-09-20,6,2026-09-20,in ideal price band
169,https://www.headsproperty.co.za/results/residential/for-sale/cape-town/harfield-village/house/3443162/,unknown,Wynberg Upper,5100000,2,unknown,unknown,unknown,unknown,unknown,,,active,unseen,Auto-added by daily search from www.headsproperty.co.za. Metadata extracted from detail page — verify manually.,2026-09-20,6,2026-09-20,in ideal price band
